fecha,precipitacion_valor,temperatura_valor,nivel_agua_valor,presion_valor
2021-01-01,4.3,11.7,10.0,684.172118
2021-01-02,4.3,12.9,11.1,684.306208
2021-01-03,7.6,12.5,11.9,684.100094
2021-01-04,40.8,12.2,20.2,683.523958
2021-01-05,12.7,11.3,13.2,683.426309
2021-01-06,6.9,11.3,11.7,683.931597
2021-01-07,9.2,11.1,12.3,684.361458
2021-01-08,11.9,12.7,13.0,684.40625
2021-01-09,6.55,12.2,10.0,684.1125
2021-01-10,6.55,12.4,10.0,683.928125
2021-01-11,1.2,11.0,10.3,684.323611
2021-01-12,1.7999999999999998,12.9,10.0,683.940625
2021-01-13,1.7999999999999998,12.7,10.0,683.717677
2021-01-14,1.7999999999999998,11.4,10.0,683.401042
2021-01-15,1.7999999999999998,11.4,10.0,683.386111
2021-01-16,1.7999999999999998,11.4,10.0,683.842361
2021-01-17,1.7999999999999998,11.6,10.0,683.345833
2021-01-18,1.7999999999999998,12.0,10.0,683.45625
2021-01-19,1.7999999999999998,11.9,10.0,683.466667
2021-01-20,1.7999999999999998,11.6,10.0,683.519792
2021-01-21,1.7999999999999998,12.2,10.0,683.338542
2021-01-22,2.4,11.3,10.6,683.827083
2021-01-23,1.2,11.6,10.3,683.626389
2021-01-24,0.8,11.7,10.0,683.33125
2021-01-25,0.8,11.9,10.0,683.153125
2021-01-26,0.4,12.6,10.1,683.261458
2021-01-27,0.35,11.4,10.0,683.445833
2021-01-28,0.35,12.0,10.0,683.695833
2021-01-29,0.3,12.2,10.1,682.91613
2021-01-30,1.0,11.1,10.0,683.097222
2021-01-31,1.0,12.2,10.0,683.14757
2021-02-01,1.0,11.3,10.0,683.429514
2021-02-02,1.0,11.1,10.0,683.3875
2021-02-03,1.0,12.9,10.0,683.626736
2021-02-04,1.0,12.9,10.0,684.140278
2021-02-05,1.0,12.6,10.0,684.292708
2021-02-06,1.0,11.6,10.0,684.257639
2021-02-07,1.0,11.2,10.0,684.214236
2021-02-08,1.7,12.4,10.4,684.45625
2021-02-09,22.7,11.9,15.7,684.396181
2021-02-10,16.45,11.2,10.0,684.077083
2021-02-11,10.2,12.0,12.6,683.194444
2021-02-12,6.3999999999999995,11.1,10.0,683.310764
2021-02-13,6.3999999999999995,12.8,10.0,683.65625
2021-02-14,2.6,11.5,10.6,684.628819
2021-02-15,4.0,12.3,11.0,685.139236
2021-02-16,1.1,11.6,10.3,685.2
2021-02-17,4.1,12.0,11.0,684.635069
2021-02-18,3.8,12.1,11.0,684.598264
2021-02-19,22.2,11.4,15.6,684.82257
2021-02-20,16.4,12.9,14.1,684.767708
2021-02-21,13.7,12.6,13.4,684.388889
2021-02-22,29.2,12.9,17.3,683.803472
2021-02-23,14.75,12.8,10.0,683.819792
2021-02-24,14.75,12.2,10.0,683.526274
2021-02-25,14.75,12.8,10.0,683.48408
2021-02-26,14.75,11.2,10.0,683.251389
2021-02-27,0.3,11.4,10.1,683.029167
2021-02-28,13.3,11.1,13.3,682.797917
2021-03-01,25.6,11.7,16.4,682.781944
2021-03-02,47.7,11.8,21.9,683.298611
2021-03-03,34.3,11.5,18.6,684.287847
2021-03-04,17.5,12.7,14.4,684.507292
2021-03-05,3.0,11.7,10.8,683.764236
2021-03-06,3.75,11.6,10.0,683.558333
2021-03-07,3.75,12.1,10.0,684.380903
2021-03-08,4.5,11.3,11.1,684.979167
2021-03-09,24.3,12.6,16.1,684.710417
2021-03-10,12.2,11.1,13.0,684.589931
2021-03-11,16.7,13.0,14.2,684.698611
2021-03-12,5.6,12.5,11.4,684.91875
2021-03-13,3.3,11.4,10.8,685.016667
2021-03-14,36.0,11.0,19.0,684.576736
2021-03-15,7.1,12.6,11.8,684.461111
2021-03-16,6.1,12.4,11.5,684.359375
2021-03-17,1.8,12.5,10.4,684.349306
2021-03-18,12.0,12.5,13.0,684.607639
2021-03-19,2.8,11.1,10.7,684.587153
2021-03-20,10.25,11.7,10.0,684.273611
2021-03-21,10.25,11.2,10.0,684.252778
2021-03-22,17.7,12.7,14.4,684.449305
2021-03-23,10.5,12.2,12.6,684.615278
2021-03-24,16.7,11.7,14.2,684.534722
2021-03-25,9.7,11.1,12.4,684.436458
2021-03-26,1.2,11.6,10.3,684.163889
2021-03-27,1.9,11.7,10.5,683.51875
2021-03-28,1.0,12.5,10.0,682.964931
2021-03-29,1.0,12.3,10.0,683.094445
2021-03-30,1.0,12.8,10.0,683.512847
2021-03-31,1.0,11.9,10.0,683.108838
2021-04-01,0.1,11.2,10.0,682.721181
2021-04-02,18.5,12.4,14.6,683.179514
2021-04-03,4.3,12.5,11.1,683.736806
2021-04-04,0.1,12.1,10.0,683.896875
2021-04-05,0.1,12.5,10.0,683.700347
2021-04-06,0.1,12.0,10.0,683.952083
2021-04-07,0.1,12.0,10.0,684.289583
2021-04-08,5.5,11.9,10.0,684.434028
2021-04-09,10.9,11.1,12.7,684.681597
2021-04-10,5.8,11.2,10.0,684.459028
2021-04-11,5.8,11.1,10.0,683.815278
2021-04-12,0.7,12.3,10.2,684.158333
2021-04-13,1.35,11.6,10.0,684.229167
2021-04-14,1.35,12.0,10.0,684.371528
2021-04-15,2.0,12.8,10.5,684.039236
2021-04-16,1.2,11.5,10.0,684.131944
2021-04-17,1.2,11.8,10.0,684.697222
2021-04-18,0.4,12.5,10.1,684.713889
2021-04-19,9.2,11.5,12.3,685.739236
2021-04-20,8.5,11.2,12.1,684.841667
2021-04-21,18.0,11.6,14.5,685.119444
2021-04-22,0.5,11.3,10.1,684.119445
2021-04-23,8.3,12.9,12.1,684.438542
2021-04-24,1.5,12.6,10.4,684.775758
2021-04-25,10.6,12.3,10.0,684.360069
2021-04-26,19.7,12.7,14.9,684.538889
2021-04-27,14.5,12.6,13.6,684.586111
2021-04-28,28.0,11.4,17.0,685.117014
2021-04-29,7.9,12.8,12.0,685.100694
2021-04-30,29.7,12.1,17.4,685.530208
2021-05-01,15.8,12.6,14.0,685.447569
2021-05-02,8.6,12.8,12.2,685.806944
2021-05-03,22.3,11.6,15.6,685.9125
2021-05-04,12.6,11.2,10.0,685.68125
2021-05-05,2.9,11.5,10.7,685.898832
2021-05-06,3.5,11.9,10.9,685.601389
2021-05-07,14.55,12.6,10.0,685.404167
2021-05-08,25.6,12.7,16.4,685.040278
2021-05-09,0.2,11.0,10.0,684.545486
2021-05-10,0.55,12.0,10.0,684.236458
2021-05-11,0.55,11.8,10.0,684.147222
2021-05-12,0.55,11.4,10.0,684.339236
2021-05-13,0.55,11.2,10.0,684.46875
2021-05-14,0.55,11.7,10.0,684.428125
2021-05-15,0.9,12.9,10.2,684.645139
2021-05-16,0.5,11.6,10.1,685.298958
2021-05-17,29.6,12.0,17.4,685.512847
2021-05-18,1.4,12.4,10.4,685.749306
2021-05-19,1.35,11.7,10.0,684.635417
2021-05-20,1.35,12.9,10.0,684.442014
2021-05-21,1.3,12.9,10.3,684.410069
2021-05-22,0.8500000000000001,11.5,10.0,684.62118
2021-05-23,0.8500000000000001,12.0,10.0,684.580208
2021-05-24,0.8500000000000001,11.6,10.0,684.574305
2021-05-25,0.8500000000000001,11.6,10.0,685.060417
2021-05-26,0.8500000000000001,11.1,10.0,685.750347
2021-05-27,0.8500000000000001,12.2,10.0,685.682639
2021-05-28,0.4,12.0,10.1,685.248611
2021-05-29,7.9,11.1,12.0,684.717361
2021-05-30,5.5,11.6,11.4,685.338542
2021-05-31,28.4,12.8,17.1,685.738194
2021-06-01,10.3,11.5,12.6,684.823611
2021-06-02,5.4,11.3,10.0,684.284186
2021-06-03,0.5,12.0,10.1,684.532292
2021-06-04,11.7,13.0,12.9,684.911806
2021-06-05,6.1499999999999995,11.5,10.0,684.684722
2021-06-06,0.6,12.3,10.2,684.375347
2021-06-07,10.3,12.5,12.6,684.687847
2021-06-08,3.0,11.5,10.8,685.486111
2021-06-09,1.65,12.5,10.0,685.957986
2021-06-10,1.65,11.7,10.0,685.592708
2021-06-11,0.3,12.3,10.1,684.973611
2021-06-12,15.6,12.3,13.9,684.777431
2021-06-13,21.8,12.1,15.4,685.835764
2021-06-14,4.6,11.2,11.2,685.645139
2021-06-15,6.0,12.7,11.5,686.187847
2021-06-16,3.05,11.6,10.0,685.201042
2021-06-17,3.05,11.4,10.0,684.347222
2021-06-18,3.05,11.1,10.0,684.653819
2021-06-19,0.1,12.2,10.0,685.384722
2021-06-20,2.0,12.4,10.5,685.784028
2021-06-21,0.7,11.0,10.2,685.838542
2021-06-22,0.44999999999999996,12.0,10.0,685.841667
2021-06-23,0.2,11.5,10.0,685.886458
2021-06-24,3.0,12.3,10.8,684.979514
2021-06-25,4.5,11.3,11.1,684.874306
2021-06-26,8.0,12.4,12.0,684.551389
2021-06-27,4.45,11.8,10.0,684.746181
2021-06-28,4.45,12.9,10.0,685.31875
2021-06-29,4.45,11.3,10.0,685.33125
2021-06-30,4.45,11.7,10.0,684.513194
2021-07-01,4.45,11.2,10.0,685.123264
2021-07-02,4.45,12.8,10.0,685.445486
2021-07-03,4.45,12.8,10.0,686.029167
2021-07-04,4.45,11.5,10.0,685.71875
2021-07-05,4.45,12.3,10.0,685.644097
2021-07-06,0.9,12.6,10.2,685.161806
2021-07-07,4.05,12.1,10.0,684.128472
2021-07-08,7.2,12.1,11.8,683.960417
2021-07-09,0.7,11.5,10.2,684.376736
2021-07-10,0.75,11.2,10.0,684.248611
2021-07-11,0.75,12.8,10.0,684.020139
2021-07-12,0.75,12.8,10.0,684.709722
2021-07-13,0.75,12.3,10.0,685.049653
2021-07-14,0.75,11.7,10.0,685.077778
2021-07-15,0.8,11.7,10.2,685.036806
2021-07-16,0.45,12.5,10.0,684.711458
2021-07-17,0.1,12.8,10.0,684.899653
2021-07-18,0.4,12.8,10.1,684.900347
2021-07-19,8.299999999999999,12.6,10.0,684.548958
2021-07-20,8.299999999999999,12.3,10.0,683.818403
2021-07-21,8.299999999999999,11.2,10.0,684.314141
2021-07-22,8.299999999999999,11.3,10.0,685.086806
2021-07-23,8.299999999999999,12.8,10.0,685.477778
2021-07-24,8.299999999999999,12.2,10.0,685.710764
2021-07-25,8.299999999999999,11.0,10.0,685.421875
2021-07-26,8.299999999999999,11.2,10.0,685.588194
2021-07-27,16.2,12.3,14.0,685.769792
2021-07-28,8.15,11.0,10.0,684.791667
2021-07-29,0.1,11.3,10.0,684.450347
2021-07-30,0.8500000000000001,12.1,10.0,684.863195
2021-07-31,0.8500000000000001,12.4,10.0,685.219444
2021-08-01,0.8500000000000001,12.3,10.0,686.088194
2021-08-02,0.8500000000000001,11.4,10.0,686.070139
2021-08-03,0.8500000000000001,12.4,10.0,685.862847
2021-08-04,0.8500000000000001,11.5,10.0,685.902431
2021-08-05,0.8500000000000001,11.7,10.0,686.198611
2021-08-06,0.8500000000000001,12.5,10.0,686.032986
2021-08-07,0.8500000000000001,12.3,10.0,685.603819
2021-08-08,0.8500000000000001,12.7,10.0,685.242014
2021-08-09,0.8500000000000001,12.3,10.0,685.227778
2021-08-10,0.8500000000000001,12.1,10.0,685.200347
2021-08-11,0.8500000000000001,11.2,10.0,685.615972
2021-08-12,0.8500000000000001,11.7,10.0,685.628472
2021-08-13,1.6,11.5,10.4,686.061111
2021-08-14,1.1,11.5,10.3,686.056597
2021-08-15,0.1,12.9,10.0,685.049653
2021-08-16,0.9,11.8,10.2,684.650694
2021-08-17,7.2,12.8,10.0,684.803472
2021-08-18,7.2,12.3,10.0,685.690972
2021-08-19,7.2,12.6,10.0,685.211458
2021-08-20,13.5,12.0,13.4,683.749495
2021-08-21,13.1,12.2,10.0,683.388283
2021-08-22,13.1,12.0,10.0,683.660631
2021-08-23,12.7,11.4,13.2,683.409091
2021-08-24,6.6,12.4,11.6,683.176136
2021-08-25,2.9,11.6,10.7,683.770549
2021-08-26,1.5,11.0,10.0,684.052052
2021-08-27,1.5,12.3,10.0,684.277146
2021-08-28,1.5,11.4,10.0,684.917412
2021-08-29,1.5,12.9,10.0,685.306439
2021-08-30,0.1,12.9,10.0,684.911092
2021-08-31,15.9,12.8,14.0,684.7113
2021-09-01,8.0,11.7,10.0,684.876831
2021-09-02,0.1,11.0,10.0,685.280177
2021-09-03,1.7,12.9,10.4,685.073611
2021-09-04,2.2,11.9,10.0,684.477715
2021-09-05,2.7,12.9,10.7,684.4306
2021-09-06,33.3,12.9,18.3,685.61697
2021-09-07,0.6,12.7,10.2,685.073952
2021-09-08,1.5,11.6,10.4,684.899243
2021-09-09,0.85,11.8,10.0,684.866496
2021-09-10,0.85,12.7,10.0,684.617866
2021-09-11,0.85,11.6,10.0,685.189817
2021-09-12,0.85,11.3,10.0,685.666212
2021-09-13,0.85,12.1,10.0,685.905861
2021-09-14,0.85,12.9,10.0,685.315915
2021-09-15,0.85,12.4,10.0,685.296717
2021-09-16,0.85,12.1,10.0,685.679261
2021-09-17,0.85,11.2,10.0,685.431332
2021-09-18,0.2,12.2,10.0,684.87298
2021-09-19,4.6,13.0,11.2,684.346888
2021-09-20,8.45,11.3,10.0,684.396989
2021-09-21,12.3,12.0,13.1,684.668674
2021-09-22,1.6,12.8,10.4,684.52612
2021-09-23,3.5999999999999996,12.5,10.0,684.392374
2021-09-24,3.5999999999999996,12.4,10.0,684.616648
2021-09-25,3.5999999999999996,12.4,10.0,685.155221
2021-09-26,3.5999999999999996,11.7,10.0,685.174708
2021-09-27,3.5999999999999996,11.6,10.0,685.383984
2021-09-28,3.5999999999999996,12.6,10.0,684.738668
2021-09-29,5.6,12.6,11.4,684.622033
2021-09-30,8.8,12.7,12.2,684.515814
2021-10-01,19.7,12.8,14.9,684.287153
2021-10-02,17.55,12.0,10.0,683.792881
2021-10-03,15.4,12.0,13.8,683.052083
2021-10-04,0.1,12.6,10.0,683.297412
2021-10-05,0.1,12.3,10.0,683.754268
2021-10-06,0.2,12.4,10.0,684.092532
2021-10-07,5.3999999999999995,12.6,10.0,683.711143
2021-10-08,5.3999999999999995,12.8,10.0,683.73608
2021-10-09,10.6,11.7,12.6,684.239141
2021-10-10,1.8,11.8,10.4,684.927557
2021-10-11,19.1,11.2,14.8,684.832576
2021-10-12,2.3,12.2,10.6,684.936275
2021-10-13,12.8,11.1,13.2,684.515326
2021-10-14,4.0,11.9,11.0,684.124514
2021-10-15,15.6,12.1,13.9,684.634407
2021-10-16,4.9,11.6,11.2,685.626566
2021-10-17,2.0,12.2,10.5,685.716743
2021-10-18,0.8,11.1,10.2,684.730556
2021-10-19,3.3,11.1,10.8,685.127664
2021-10-20,25.3,12.6,16.3,685.646856
2021-10-21,14.0,11.7,13.5,685.931797
2021-10-22,19.3,11.3,14.8,684.898984
2021-10-23,23.0,12.0,15.8,684.821149
2021-10-24,20.9,12.5,15.2,685.420013
2021-10-25,12.0,11.4,13.0,686.147071
2021-10-26,0.4,12.2,10.1,685.745518
2021-10-27,0.4,11.2,10.0,685.238081
2021-10-28,0.4,11.1,10.1,685.572953
2021-10-29,4.4,12.1,11.1,685.192582
2021-10-30,2.5,12.1,10.6,684.770896
2021-10-31,6.9,12.3,11.7,685.203977
2021-11-01,18.2,12.5,14.6,685.230114
2021-11-02,9.6,13.0,12.4,685.045492
2021-11-03,5.0,12.0,10.0,684.528093
2021-11-04,5.0,11.6,10.0,684.217708
2021-11-05,0.4,12.6,10.1,684.300821
2021-11-06,0.8999999999999999,11.5,10.0,684.684154
2021-11-07,0.8999999999999999,11.9,10.0,684.819508
2021-11-08,1.4,11.2,10.4,685.00315
2021-11-09,20.8,11.1,15.2,684.847254
2021-11-10,7.3,12.9,11.8,684.302431
2021-11-11,3.85,12.7,10.0,684.196578
2021-11-12,3.85,12.4,10.0,684.327146
2021-11-13,0.4,11.8,10.1,684.046907
2021-11-14,0.25,11.3,10.0,683.747001
2021-11-15,0.1,11.3,10.0,683.893434
2021-11-16,14.6,11.5,13.6,683.621686
2021-11-17,9.3,12.1,12.3,683.863636
2021-11-18,7.2,12.4,11.8,684.073264
2021-11-19,16.6,12.3,14.2,684.169413
2021-11-20,2.6,11.6,10.6,683.722443
2021-11-21,3.5,12.9,10.0,683.838321
2021-11-22,3.5,12.5,10.0,683.675152
2021-11-23,4.4,12.1,11.1,684.16512
2021-11-24,13.2,12.2,13.3,684.577683
2021-11-25,13.9,11.8,13.5,684.620505
2021-11-26,27.2,11.5,16.8,684.163081
2021-11-27,1.5,11.7,10.4,684.037664
2021-11-28,1.8,12.5,10.0,683.511982
2021-11-29,2.1,11.0,10.5,683.744381
2021-11-30,11.2,11.2,12.8,684.437184
2021-12-01,8.8,11.1,12.2,684.448946
2021-12-02,5.75,11.1,10.0,684.10221
2021-12-03,2.7,12.7,10.7,683.233996
2021-12-04,5.800000000000001,12.4,10.0,683.499331
2021-12-05,8.9,11.9,12.2,684.163485
2021-12-06,0.1,11.2,10.0,684.525852
2021-12-07,0.1,12.0,10.0,683.92226
2021-12-08,0.1,11.9,10.0,684.245543
2021-12-09,11.9,11.3,13.0,683.782513
2021-12-10,24.5,11.9,16.1,683.227809
2021-12-11,19.1,11.8,14.8,683.371812
2021-12-12,77.0,12.2,29.2,683.861225
2021-12-13,39.2,12.3,19.8,683.917418
2021-12-14,9.7,11.1,12.4,684.079577
2021-12-15,0.5,11.7,10.1,683.486837
2021-12-16,0.3,12.3,10.1,682.819066
2021-12-17,0.2,12.0,10.0,683.374482
2021-12-18,0.1,12.7,10.0,683.801862
2021-12-19,0.4,12.3,10.1,683.901831
2021-12-20,4.4,11.3,11.1,683.912248
2021-12-21,3.5,11.1,10.9,684.063984
2021-12-22,1.8,12.3,10.4,684.76916
2021-12-23,0.6,11.1,10.2,685.047595
2021-12-24,6.2,12.2,10.0,684.922923
2021-12-25,6.2,12.9,10.0,684.695714
2021-12-26,11.8,12.2,13.0,684.976723
2021-12-27,1.6,11.8,10.4,684.433504
2021-12-28,0.9500000000000001,12.3,10.0,684.16189
2021-12-29,0.9500000000000001,11.9,10.0,684.601799
2021-12-30,0.9500000000000001,12.1,10.0,684.325284
2021-12-31,0.9500000000000001,12.9,10.0,683.684375
2022-01-01,0.9500000000000001,11.8,10.0,683.913194
2022-01-02,0.9500000000000001,12.9,10.0,684.656029
2022-01-03,0.9500000000000001,12.8,10.0,684.783087
2022-01-04,0.3,11.4,10.1,683.753378
2022-01-05,7.4,11.1,11.8,682.906945
2022-01-06,8.100000000000001,11.2,10.0,683.1894
2022-01-07,8.8,11.0,12.2,684.174905
2022-01-08,8.850000000000001,11.2,10.0,685.246654
2022-01-09,8.9,12.4,12.2,685.199653
2022-01-10,1.8,11.1,10.4,684.920171
2022-01-11,0.5,11.6,10.1,684.798327
2022-01-12,3.5,12.7,10.9,684.721023
2022-01-13,11.8,11.0,13.0,684.809249
2022-01-14,0.1,12.6,10.0,684.584628
2022-01-15,0.15000000000000002,11.6,10.0,684.905429
2022-01-16,0.15000000000000002,11.2,10.0,684.689457
2022-01-17,0.15000000000000002,12.4,10.0,684.417708
2022-01-18,0.15000000000000002,12.3,10.0,684.15524
2022-01-19,0.15000000000000002,12.8,10.0,684.005713
2022-01-20,0.15000000000000002,12.5,10.0,683.708408
2022-01-21,0.15000000000000002,12.6,10.0,683.880934
2022-01-22,0.2,11.6,10.0,684.135559
2022-01-23,6.949999999999999,11.4,10.0,683.479455
2022-01-24,6.949999999999999,12.5,10.0,683.313115
2022-01-25,13.7,12.6,13.4,683.766557
2022-01-26,0.4,13.0,10.1,684.096719
2022-01-27,33.3,11.8,18.3,684.44916
2022-01-28,25.8,11.7,16.4,684.53599
2022-01-29,23.3,12.6,15.8,684.485052
2022-01-30,7.3,11.7,11.8,684.350618
2022-01-31,42.8,12.9,20.7,683.823959
2022-02-01,0.9,12.7,10.2,683.339903
2022-02-02,0.9,11.9,10.0,683.113566
2022-02-03,0.9,12.5,10.0,683.974035
2022-02-04,0.9,12.5,10.2,684.711615
2022-02-05,11.6,11.2,12.9,684.400108
2022-02-06,21.7,12.8,15.4,684.076128
2022-02-07,1.4,12.0,10.4,684.204003
2022-02-08,0.2,12.7,10.0,684.264667
2022-02-09,0.9,11.6,10.2,683.654514
2022-02-10,3.7,12.8,10.0,683.338573
2022-02-11,6.5,11.8,11.6,682.930059
2022-02-12,0.5,11.0,10.1,683.238944
2022-02-13,12.3,12.8,13.1,683.717695
2022-02-14,3.2,11.2,10.8,684.179813
2022-02-15,4.0,11.6,10.0,684.238747
2022-02-16,4.0,12.9,10.0,684.553035
2022-02-17,4.8,12.9,11.2,684.228709
2022-02-18,32.5,12.1,18.1,683.984413
2022-02-19,3.6,12.3,10.9,683.976073
2022-02-20,3.9,11.9,11.0,683.835069
2022-02-21,19.9,11.6,15.0,683.703598
2022-02-22,15.9,11.7,14.0,683.842898
2022-02-23,13.9,12.3,13.5,683.864173
2022-02-24,8.2,12.5,12.0,683.803194
2022-02-25,0.6,12.6,10.2,684.283018
2022-02-26,5.5,12.6,11.4,684.750347
2022-02-27,5.3,11.2,11.3,684.517361
2022-02-28,10.4,12.0,12.6,684.220076
2022-03-01,0.4,11.1,10.1,684.125473
2022-03-02,4.1,12.1,11.0,684.51916
2022-03-03,3.8,11.9,11.0,684.675
2022-03-04,8.2,12.8,12.0,684.5988
2022-03-05,32.9,11.7,18.2,684.451231
2022-03-06,26.0,11.2,16.5,684.501042
2022-03-07,17.5,11.3,14.4,684.082639
2022-03-08,4.8,12.5,11.2,684.049306
2022-03-09,5.5,12.2,10.0,684.020833
2022-03-10,5.5,11.2,10.0,684.254514
2022-03-11,6.2,11.2,11.6,684.304514
2022-03-12,0.8,12.4,10.2,684.690972
2022-03-13,14.8,11.1,13.7,684.912153
2022-03-14,1.7,12.6,10.4,684.978093
2022-03-15,0.8,12.4,10.2,684.833681
2022-03-16,2.7,11.2,10.7,684.353819
2022-03-17,6.5,11.2,11.6,684.352431
2022-03-18,15.3,13.0,13.8,684.296181
2022-03-19,0.2,11.7,10.0,684.358681
2022-03-20,22.8,11.7,15.7,684.188889
2022-03-21,44.8,12.6,21.2,683.710417
2022-03-22,0.1,12.9,10.0,683.589583
2022-03-23,0.9500000000000001,13.0,10.0,683.906597
2022-03-24,1.8,12.5,10.4,684.008333
2022-03-25,1.6,11.8,10.0,683.898643
2022-03-26,1.4,11.2,10.4,683.93993
2022-03-27,0.1,12.6,10.0,684.201042
2022-03-28,7.7,12.1,11.9,684.647222
2022-03-29,33.1,11.8,18.3,684.864236
2022-03-30,16.650000000000002,12.8,10.0,684.092014
2022-03-31,0.2,11.2,10.0,683.673611
2022-04-01,16.6,12.0,14.2,684.483333
2022-04-02,0.4,11.0,10.1,684.870297
2022-04-03,3.2,11.9,10.8,684.026389
2022-04-04,2.3,11.1,10.0,684.054514
2022-04-05,1.4,11.2,10.4,684.122191
2022-04-06,9.5,11.2,12.4,684.069792
2022-04-07,1.0,12.3,10.2,684.209375
2022-04-08,1.4,12.5,10.4,684.313794
2022-04-09,1.0,12.2,10.0,684.549306
2022-04-10,0.6,12.9,10.2,683.992014
2022-04-11,7.0,11.7,10.0,683.815593
2022-04-12,7.0,11.6,10.0,683.833554
2022-04-13,7.0,12.7,10.0,683.673138
2022-04-14,7.0,11.4,10.0,683.720833
2022-04-15,7.0,12.9,10.0,684.002241
2022-04-16,7.0,11.0,10.0,684.16007
2022-04-17,13.4,12.9,13.4,684.204167
2022-04-18,33.3,11.1,18.3,684.551389
2022-04-19,32.7,12.8,18.2,685.335038
2022-04-20,35.6,12.1,18.9,685.461111
2022-04-21,2.4,13.0,10.6,685.584722
2022-04-22,2.0,11.1,10.5,685.067109
2022-04-23,1.5,12.1,10.4,683.976042
2022-04-24,14.8,12.9,13.7,683.92882
2022-04-25,11.100000000000001,12.0,10.0,684.352588
2022-04-26,11.100000000000001,12.3,10.0,684.446181
2022-04-27,7.4,12.4,11.8,684.163258
2022-04-28,7.8,11.9,12.0,684.166856
2022-04-29,0.5,12.3,10.1,684.223958
2022-04-30,0.8,12.2,10.0,684.084375
2022-05-01,0.8,12.8,10.0,684.161774
2022-05-02,0.8,11.1,10.0,684.791035
2022-05-03,0.8,11.6,10.0,684.820139
2022-05-04,1.1,12.9,10.3,684.827525
2022-05-05,3.3,12.8,10.8,685.585006
2022-05-06,4.55,11.9,10.0,685.818413
2022-05-07,5.8,12.2,11.4,685.90625
2022-05-08,2.0,11.6,10.5,685.56875
2022-05-09,4.15,11.4,10.0,684.651389
2022-05-10,6.3,11.9,11.6,684.882292
2022-05-11,2.4,11.7,10.6,684.691288
2022-05-12,2.7,12.2,10.7,684.340448
2022-05-13,3.1500000000000004,11.2,10.0,684.081326
2022-05-14,3.6,12.9,10.9,684.514583
2022-05-15,0.1,13.0,10.0,684.865511
2022-05-16,8.9,12.4,12.2,685.570183
2022-05-17,3.8,12.1,11.0,686.500038
2022-05-18,7.8,11.6,12.0,686.471427
2022-05-19,8.6,12.6,12.2,685.778946
2022-05-20,9.55,12.4,10.0,685.864653
2022-05-21,9.55,11.3,10.0,686.667967
2022-05-22,9.55,12.8,10.0,685.6839904999999
2022-05-23,10.5,12.6,12.6,685.6839904999999
2022-05-24,7.9,12.9,10.0,685.6839904999999
2022-05-25,7.9,12.5,10.0,685.6839904999999
2022-05-26,7.9,12.2,10.0,685.6839904999999
2022-05-27,7.9,11.8,10.0,685.6839904999999
2022-05-28,5.3,12.9,11.3,685.6839904999999
2022-05-29,2.85,12.7,10.0,685.6839904999999
2022-05-30,0.4,11.1,10.1,685.6839904999999
2022-05-31,13.2,11.1,13.3,685.6839904999999
2022-06-01,11.6,11.8,12.9,685.6839904999999
2022-06-02,5.2,12.6,11.3,684.700014
2022-06-03,8.4,13.0,12.1,685.316886
2022-06-04,4.9,11.3,11.2,685.171368
2022-06-05,2.3,12.2,10.6,684.783653
2022-06-06,8.7,11.8,12.2,684.499319
2022-06-07,8.4,12.9,12.1,684.65083
2022-06-08,1.9,12.7,10.5,684.60142
2022-06-09,3.8,12.7,11.0,684.614778
2022-06-10,4.6,11.9,11.2,684.487399
2022-06-11,0.6,11.8,10.2,684.750389
2022-06-12,0.7,11.5,10.2,684.619781
2022-06-13,2.7,11.1,10.0,684.762115
2022-06-14,2.7,12.7,10.0,684.424413
2022-06-15,2.7,12.6,10.0,684.485059
2022-06-16,2.7,13.0,10.0,685.002031
2022-06-17,2.7,13.0,10.0,684.600792
2022-06-18,4.7,12.1,11.2,684.806788
2022-06-19,0.6,12.5,10.2,684.988763
2022-06-20,1.8,12.9,10.4,685.232311
2022-06-21,0.9500000000000001,12.7,10.0,684.537847
2022-06-22,0.1,11.5,10.0,683.616541
2022-06-23,10.5,11.9,12.6,683.496181
2022-06-24,5.3,11.3,11.3,684.11875
2022-06-25,6.6,12.9,11.6,684.787942
2022-06-26,3.4,12.2,10.0,685.23327
2022-06-27,3.4,11.5,10.0,685.349684
2022-06-28,3.4,12.3,10.0,685.490625
2022-06-29,3.4,12.2,10.0,685.220139
2022-06-30,3.4,11.7,10.0,684.51875
2022-07-01,0.2,11.2,10.0,683.981597
2022-07-02,0.6,12.3,10.2,684.039931
2022-07-03,4.2,12.0,11.0,684.49375
2022-07-04,2.15,12.5,10.0,685.021086
2022-07-05,0.1,12.0,10.0,684.596528
2022-07-06,0.2,12.7,10.0,683.826736
2022-07-07,0.2,12.1,10.0,683.91875
2022-07-08,0.2,12.1,10.0,684.578567
2022-07-09,0.3,12.8,10.1,685.854514
2022-07-10,0.55,11.8,10.0,685.254167
2022-07-11,0.8,11.3,10.2,684.510511
2022-07-12,0.1,11.1,10.0,684.652083
2022-07-13,0.3,12.5,10.0,685.252778
2022-07-14,0.3,12.2,10.0,685.616635
2022-07-15,0.5,12.4,10.1,685.308396
2022-07-16,4.0,11.4,11.0,684.306503
2022-07-17,2.15,11.3,10.0,684.370739
2022-07-18,2.15,11.0,10.0,685.009091
2022-07-19,2.15,11.7,10.0,684.449129
2022-07-20,2.15,12.2,10.0,684.015436
2022-07-21,2.15,11.8,10.0,684.131944
2022-07-22,0.3,11.9,10.1,684.601294
2022-07-23,13.0,12.8,13.2,684.602481
2022-07-24,4.2,11.7,11.0,684.967708
2022-07-25,0.4,12.0,10.1,684.699684
2022-07-26,3.7,12.6,10.9,685.038586
2022-07-27,0.8,11.8,10.2,685.248138
2022-07-28,1.3,12.2,10.3,685.007513
2022-07-29,0.2,12.7,10.0,684.54053
2022-07-30,6.949999999999999,12.9,10.0,684.656155
2022-07-31,13.7,11.3,13.4,684.506225
2022-08-01,6.3,12.9,11.6,684.429293
2022-08-02,9.4,12.0,12.4,684.053188
2022-08-03,4.75,11.5,10.0,683.606944
2022-08-04,0.1,11.9,10.0,683.997285
2022-08-05,2.8,13.0,10.7,683.846843
2022-08-06,1.45,12.0,10.0,683.860543
2022-08-07,1.45,11.7,10.0,683.97096
2022-08-08,1.45,12.3,10.0,683.890467
2022-08-09,0.1,11.5,10.0,684.722727
2022-08-10,0.1,11.2,10.0,685.246117
2022-08-11,0.1,11.3,10.0,685.190625
2022-08-12,0.1,11.3,10.0,685.77178
2022-08-13,0.1,11.3,10.0,685.706155
2022-08-14,0.1,11.3,10.0,685.507134
2022-08-15,0.1,12.3,10.0,685.06976
2022-08-16,12.0,11.4,13.0,684.885417
2022-08-17,6.65,11.7,10.0,685.087847
2022-08-18,6.65,12.8,10.0,684.15887
2022-08-19,1.3,11.9,10.3,684.48971
2022-08-20,0.4,12.3,10.1,684.881944
2022-08-21,1.25,11.3,10.0,684.777841
2022-08-22,1.25,11.4,10.0,684.669823
2022-08-23,1.25,11.1,10.0,683.962279
2022-08-24,1.25,11.3,10.0,684.879167
2022-08-25,1.25,11.6,10.0,685.04233
2022-08-26,2.1,11.4,10.5,685.285227
2022-08-27,1.1,11.2,10.0,684.697948
2022-08-28,1.1,11.2,10.0,684.52743
2022-08-29,1.1,11.9,10.0,684.785417
2022-08-30,1.1,11.4,10.0,684.983681
2022-08-31,1.1,11.7,10.0,684.898611
2022-09-01,1.1,12.0,10.0,684.176042
2022-09-02,1.1,12.4,10.0,684.090404
2022-09-03,1.1,11.1,10.0,684.446496
2022-09-04,1.1,12.6,10.0,684.37642
2022-09-05,1.1,12.3,10.0,685.301042
2022-09-06,0.1,11.2,10.0,686.117014
2022-09-07,0.55,12.7,10.0,685.965972
2022-09-08,0.55,12.8,10.0,684.340688
2022-09-09,0.55,11.1,10.0,684.218277
2022-09-10,0.55,11.6,10.0,685.614931
2022-09-11,0.55,12.6,10.0,685.977273
2022-09-12,0.55,12.5,10.0,684.935133
2022-09-13,1.0,11.4,10.2,684.396875
2022-09-14,1.05,11.4,10.0,684.229444
2022-09-15,1.05,11.7,10.0,684.634722
2022-09-16,1.1,12.0,10.3,685.046402
2022-09-17,0.9,12.2,10.2,684.642708
2022-09-18,0.5,11.7,10.0,684.489678
2022-09-19,0.5,11.9,10.0,684.700694
2022-09-20,0.5,12.5,10.0,684.718056
2022-09-21,0.1,11.1,10.0,684.656913
2022-09-22,0.1,11.5,10.0,684.417456
2022-09-23,6.75,12.4,10.0,684.704293
2022-09-24,13.4,12.8,13.4,684.757102
2022-09-25,1.1,12.0,10.3,683.910953
2022-09-26,1.7,12.1,10.0,684.217235
2022-09-27,1.7,11.2,10.0,684.752778
2022-09-28,2.3,11.9,10.6,684.86935
2022-09-29,1.8,12.1,10.4,684.348769
2022-09-30,5.8,11.5,11.4,683.7131
2022-10-01,5.15,11.5,10.0,684.754451
2022-10-02,5.15,11.8,10.0,685.372917
2022-10-03,5.15,11.0,10.0,684.916748
2022-10-04,4.5,11.6,11.1,684.301705
2022-10-05,5.2,11.4,11.3,684.29238
2022-10-06,14.6,11.7,13.6,684.295139
2022-10-07,9.9,11.2,12.5,684.011786
2022-10-08,3.6,12.8,10.9,683.585819
2022-10-09,4.25,12.2,10.0,683.962323
2022-10-10,4.25,12.4,10.0,684.717965
2022-10-11,4.25,12.6,10.0,685.266979
2022-10-12,4.9,12.0,11.2,684.910628
2022-10-13,25.8,11.2,16.4,684.716889
2022-10-14,13.3,12.1,13.3,684.345882
2022-10-15,0.7,12.2,10.2,684.9175
2022-10-16,5.8,12.5,11.4,684.279802
2022-10-17,7.2,11.9,11.8,684.151184
2022-10-18,5.1,11.3,11.3,684.376167
2022-10-19,27.9,11.6,17.0,685.286684
2022-10-20,14.0,11.7,13.5,684.85392
2022-10-21,4.6,12.3,11.2,684.354726
2022-10-22,3.2,12.1,10.8,684.555323
2022-10-23,3.9,11.7,10.0,684.549403
2022-10-24,4.6,13.0,11.2,685.184788
2022-10-25,1.4,12.2,10.4,685.171128
2022-10-26,7.1,11.5,11.8,684.611809
2022-10-27,12.6,11.2,13.2,684.427906
2022-10-28,10.75,11.3,10.0,685.234813
2022-10-29,10.75,11.5,10.0,685.115913
2022-10-30,10.75,11.3,10.0,684.019625
2022-10-31,10.75,11.4,10.0,683.724868
2022-11-01,10.75,11.6,10.0,684.386993
2022-11-02,10.75,11.3,10.0,685.32692
2022-11-03,10.75,12.8,10.0,684.638753
2022-11-04,8.9,11.2,12.2,684.816976
2022-11-05,2.0,12.0,10.5,684.733448
2022-11-06,1.45,11.8,10.0,684.792274
2022-11-07,1.45,13.0,10.0,685.252153
2022-11-08,0.9,11.2,10.2,685.681941
2022-11-09,1.3,11.8,10.0,685.254695
2022-11-10,1.7,12.9,10.4,685.100555
2022-11-11,0.95,12.7,10.0,684.661274
2022-11-12,0.2,12.6,10.0,684.67733
2022-11-13,1.7,11.5,10.4,684.123265
2022-11-14,1.3,11.3,10.0,683.626673
2022-11-15,1.3,12.3,10.0,684.270486
2022-11-16,0.9,12.9,10.2,684.858333
2022-11-17,0.6,12.1,10.2,684.460638
2022-11-18,1.2,12.1,10.3,683.968119
2022-11-19,0.2,11.6,10.0,683.655903
2022-11-20,16.7,12.5,14.2,683.621181
2022-11-21,1.3,11.4,10.3,683.831787
2022-11-22,1.4500000000000002,11.6,10.0,684.524306
2022-11-23,1.4500000000000002,11.9,10.0,684.080903
2022-11-24,1.4500000000000002,12.0,10.0,683.693403
2022-11-25,1.6,11.5,10.4,684.096907
2022-11-26,2.25,11.2,10.0,684.655271
2022-11-27,2.9,12.2,10.7,684.7125
2022-11-28,1.85,11.6,10.0,683.92137
2022-11-29,0.8,12.2,10.2,683.451073
2022-11-30,0.2,11.3,10.0,683.035417
2022-12-01,0.35,12.0,10.0,683.067456
2022-12-02,0.5,12.1,10.1,683.043845
2022-12-03,18.6,11.1,14.6,683.437847
2022-12-04,10.3,11.7,10.0,683.050694
2022-12-05,2.0,11.3,10.5,682.834375
2022-12-06,1.75,11.1,10.0,683.214583
2022-12-07,1.75,13.0,10.0,684.25
2022-12-08,1.75,11.6,10.0,683.329167
2022-12-09,1.5,12.6,10.4,682.866319
2022-12-10,1.35,11.5,10.0,683.572917
2022-12-11,1.35,12.4,10.0,684.068056
2022-12-12,1.35,12.5,10.0,683.845013
2022-12-13,1.35,12.2,10.0,683.206597
2022-12-14,1.2,11.9,10.3,683.416667
2022-12-15,2.7,11.8,10.0,683.304861
2022-12-16,2.7,11.7,10.0,682.963542
2022-12-17,2.7,12.9,10.0,682.695417
2022-12-18,4.2,12.7,11.0,683.228472
2022-12-19,5.1,12.9,10.0,683.840625
2022-12-20,5.1,11.2,10.0,684.248611
2022-12-21,5.1,12.5,10.0,683.890278
2022-12-22,5.1,12.9,10.0,683.968403
2022-12-23,5.1,11.4,10.0,683.884375
2022-12-24,5.1,11.1,10.0,683.64132
2022-12-25,6.0,12.5,11.5,683.239236
2022-12-26,26.9,12.1,16.7,683.975694
2022-12-27,0.2,12.7,10.0,684.884375
2022-12-28,0.2,11.3,10.0,685.036111
2022-12-29,0.2,12.6,10.0,684.703472
2022-12-30,5.3,11.4,11.3,684.465278
2022-12-31,12.1,11.3,13.0,685.005556
2023-01-01,13.5,11.3,13.4,684.877083
2023-01-02,11.9,12.6,13.0,685.229451
2023-01-03,0.1,12.3,10.0,684.867708
2023-01-04,0.6,12.0,10.2,684.562847
2023-01-05,9.3,11.7,12.3,684.808333
2023-01-06,0.7,12.8,10.2,684.804861
2023-01-07,2.45,11.8,10.0,685.002431
2023-01-08,4.2,12.6,11.0,685.199306
2023-01-09,46.5,11.9,21.6,685.323264
2023-01-10,29.3,11.8,17.3,685.078819
2023-01-11,32.2,11.9,18.0,685.166319
2023-01-12,6.8,11.6,11.7,684.885069
2023-01-13,1.9,12.5,10.5,684.152083
2023-01-14,13.5,12.0,10.25,684.802431
2023-01-15,13.5,11.5,10.0,684.900694
2023-01-16,13.5,12.8,10.0,684.176736
2023-01-17,13.5,11.8,10.0,683.626389
2023-01-18,25.1,12.1,16.3,683.840278
2023-01-19,9.4,12.8,12.4,684.455556
2023-01-20,0.1,12.2,10.0,684.480903
2023-01-21,22.0,11.2,15.5,683.428125
2023-01-22,1.4,12.9,10.4,683.0
2023-01-23,5.3500000000000005,12.3,10.0,683.606597
2023-01-24,5.3500000000000005,11.7,10.0,683.984375
2023-01-25,5.3500000000000005,11.3,10.0,683.511806
2023-01-26,5.3500000000000005,12.6,10.0,683.195139
2023-01-27,5.3500000000000005,12.2,10.0,683.227431
2023-01-28,5.3500000000000005,12.1,10.0,682.964931
2023-01-29,5.3500000000000005,12.8,10.0,683.194444
2023-01-30,9.3,12.6,12.3,683.431755
2023-01-31,16.4,11.3,14.1,683.700694
2023-02-01,12.8,11.6,13.2,683.744445
2023-02-02,0.2,11.5,10.0,683.721528
2023-02-03,0.25,12.5,10.0,683.991004
2023-02-04,0.25,11.1,10.0,684.596528
2023-02-05,0.3,12.1,10.1,684.184375
2023-02-06,6.300000000000001,12.5,10.0,683.675
2023-02-07,6.300000000000001,12.8,10.0,683.549653
2023-02-08,12.3,11.7,13.1,683.449653
2023-02-09,7.300000000000001,12.6,10.0,683.495833
2023-02-10,7.300000000000001,11.2,10.0,683.43507
2023-02-11,7.300000000000001,12.7,10.0,683.0125
2023-02-12,7.300000000000001,11.3,10.0,682.821181
2023-02-13,7.300000000000001,11.8,10.0,683.230556
2023-02-14,7.300000000000001,12.6,10.0,683.896875
2023-02-15,7.300000000000001,11.3,10.0,684.275347
2023-02-16,2.3,11.5,10.6,683.835764
2023-02-17,39.9,12.4,20.0,683.298611
2023-02-18,3.5,12.4,10.9,683.534375
2023-02-19,5.0,12.3,11.2,683.501389
2023-02-20,6.8,12.4,11.7,683.258681
2023-02-21,25.5,12.1,16.4,683.931945
2023-02-22,0.7,11.5,10.2,684.922917
2023-02-23,0.7,11.7,10.0,685.382986
2023-02-24,0.7,11.4,10.0,685.239931
2023-02-25,0.7,12.8,10.0,684.594097
2023-02-26,0.7,12.2,10.0,684.241319
2023-02-27,0.7,11.8,10.0,684.405903
2023-02-28,0.7,11.9,10.0,684.880556
2023-03-01,0.7,12.9,10.0,684.492014
2023-03-02,0.7,11.3,10.0,683.431724
2023-03-03,0.7,12.2,10.2,683.072569
2023-03-04,1.1,12.0,10.3,683.564583
2023-03-05,0.2,12.2,10.0,684.288195
2023-03-06,2.1,11.0,10.5,684.588194
2023-03-07,22.3,12.7,15.6,684.727431
2023-03-08,3.9,12.9,11.0,684.999653
2023-03-09,9.3,12.1,12.3,685.155208
2023-03-10,19.5,12.4,14.9,684.971875
2023-03-11,16.3,12.8,14.1,685.148958
2023-03-12,12.9,12.4,13.2,685.485764
2023-03-13,15.0,11.3,13.8,685.794792
2023-03-14,8.3,12.2,12.1,685.839236
2023-03-15,1.2,12.2,10.3,685.604514
2023-03-16,2.3,11.8,10.6,685.328125
2023-03-17,0.3,12.5,10.1,685.051042
2023-03-18,2.7,12.9,10.7,685.363194
2023-03-19,0.2,12.9,10.0,685.535764
2023-03-20,28.5,11.9,17.1,685.64375
2023-03-21,4.1,11.2,11.0,684.820833
2023-03-22,2.2,13.0,10.6,684.400347
2023-03-23,14.0,12.7,13.5,684.362847
2023-03-24,75.5,11.2,28.9,684.427431
2023-03-25,6.5,12.8,11.6,684.37399
2023-03-26,0.5,12.7,10.1,684.173611
2023-03-27,7.2,12.0,11.8,684.26875
2023-03-28,18.9,12.2,14.7,684.276105
2023-03-29,3.4,11.8,10.8,684.023264
2023-03-30,3.65,11.1,10.0,684.202431
2023-03-31,3.9,11.7,11.0,685.02803
2023-04-01,2.9,12.6,10.0,684.658681
2023-04-02,2.9,11.0,10.0,684.135764
2023-04-03,1.9,11.7,10.5,683.437153
2023-04-04,5.3,11.8,11.3,683.587026
2023-04-05,22.3,12.1,15.6,683.599653
2023-04-06,31.3,12.8,17.8,683.985354
2023-04-07,14.9,11.7,13.7,684.182986
2023-04-08,2.9,11.7,10.7,684.670486
2023-04-09,28.4,12.5,17.1,684.585764
2023-04-10,15.299999999999999,11.9,10.0,684.768403
2023-04-11,15.299999999999999,11.4,10.0,684.338542
2023-04-12,2.2,11.9,10.6,683.953125
2023-04-13,1.2000000000000002,11.3,10.0,683.48507
2023-04-14,1.2000000000000002,11.4,10.0,683.859028
2023-04-15,0.2,12.0,10.0,684.870139
2023-04-16,19.9,11.8,15.0,685.410069
2023-04-17,11.4,12.8,12.8,684.997222
2023-04-18,5.5,11.7,11.4,684.138542
2023-04-19,4.25,12.2,10.0,684.339583
2023-04-20,3.0,12.3,10.8,685.377083
2023-04-21,45.8,11.0,21.4,685.072222
2023-04-22,49.6,12.3,22.4,684.455903
2023-04-23,6.1,11.4,11.5,685.011458
2023-04-24,13.55,12.9,10.0,685.086806
2023-04-25,21.0,11.3,15.2,685.220518
2023-04-26,2.8,11.8,10.7,685.438889
2023-04-27,16.4,11.2,14.1,685.059722
2023-04-28,0.1,13.0,10.0,685.220202
2023-04-29,0.3,12.0,10.1,685.626989
2023-04-30,0.5,12.2,10.0,685.656597
2023-05-01,0.7,11.1,10.2,685.314931
2023-05-02,5.3999999999999995,12.5,10.0,684.314931
2023-05-03,5.3999999999999995,11.4,10.0,683.713542
2023-05-04,5.3999999999999995,12.8,10.0,684.10161
2023-05-05,5.3999999999999995,11.4,10.0,684.614236
2023-05-06,5.3999999999999995,11.4,10.0,685.068056
2023-05-07,5.3999999999999995,11.1,10.0,684.885764
2023-05-08,5.3999999999999995,11.9,10.0,685.03589
2023-05-09,5.3999999999999995,12.1,10.0,685.674653
2023-05-10,10.1,11.1,12.5,685.807292
2023-05-11,0.5,12.6,10.1,685.583681
2023-05-12,2.7,11.9,10.0,685.140625
2023-05-13,4.9,12.0,11.2,684.835417
2023-05-14,4.3,11.9,11.1,686.222917
2023-05-15,9.25,11.8,10.0,686.904861
2023-05-16,14.2,12.1,13.6,686.708681
2023-05-17,7.25,11.3,10.0,685.688889
2023-05-18,7.25,11.4,10.0,685.35625
2023-05-19,0.3,12.7,10.1,685.472569
2023-05-20,6.3,12.9,11.6,685.393056
2023-05-21,12.4,11.7,13.1,685.146875
2023-05-22,2.7,11.5,10.7,685.086806
2023-05-23,1.5,12.3,10.4,685.539236
2023-05-24,4.0,11.8,10.0,684.679861
2023-05-25,6.5,11.1,11.6,684.605556
2023-05-26,5.5,11.3,10.0,685.442708
2023-05-27,5.5,12.4,10.0,685.903472
2023-05-28,4.5,12.3,11.1,686.001389
2023-05-29,2.3,11.1,10.0,685.544792
2023-05-30,2.3,11.4,10.0,685.42257
2023-05-31,0.1,11.5,10.0,685.4831389999999
2023-06-01,5.0,12.3,10.0,685.4831389999999
2023-06-02,9.9,11.0,12.5,685.4831389999999
2023-06-03,20.6,11.2,15.2,685.4831389999999
2023-06-04,11.950000000000001,12.6,10.0,685.4831389999999
2023-06-05,11.950000000000001,11.4,10.0,685.4831389999999
2023-06-06,3.3,12.3,10.8,685.543708
2023-06-07,4.2,11.5,11.0,685.700694
2023-06-08,2.15,11.2,10.0,686.302692
2023-06-09,2.15,11.5,10.0,686.35625
2023-06-10,2.15,12.4,10.0,686.069224
2023-06-11,2.15,12.7,10.0,685.816162
2023-06-12,0.1,12.7,10.0,685.346528
2023-06-13,0.7,11.8,10.2,685.009274
2023-06-14,0.5,12.3,10.0,684.712847
2023-06-15,0.5,11.4,10.0,684.491193
2023-06-16,0.5,11.6,10.0,685.188542
2023-06-17,0.5,12.8,10.0,685.32721
2023-06-18,0.5,11.0,10.0,684.940467
2023-06-19,0.5,11.2,10.0,685.070833
2023-06-20,0.5,11.4,10.0,684.505461
2023-06-21,0.5,11.1,10.0,684.355777
2023-06-22,0.5,11.4,10.0,684.789394
2023-06-23,0.5,12.2,10.0,685.153504
2023-06-24,0.3,11.8,10.1,685.185775
2023-06-25,0.2,12.8,10.0,685.154609
2023-06-26,1.9000000000000001,12.6,10.0,685.219792
2023-06-27,1.9000000000000001,11.7,10.0,684.978662
2023-06-28,1.9000000000000001,11.5,10.0,684.900694
2023-06-29,1.9000000000000001,11.8,10.0,685.046181
2023-06-30,1.9000000000000001,12.2,10.0,685.231692
2023-07-01,1.9000000000000001,11.5,10.0,684.949779
2023-07-02,1.9000000000000001,12.2,10.0,685.110669
2023-07-03,1.9000000000000001,11.8,10.0,685.750032
2023-07-04,1.9000000000000001,12.1,10.0,686.157165
2023-07-05,1.9000000000000001,11.9,10.0,685.893624
2023-07-06,1.9000000000000001,11.6,10.0,685.305208
2023-07-07,3.6,12.9,10.9,684.895341
2023-07-08,15.9,12.5,14.0,685.570865
2023-07-09,2.4,11.3,10.6,685.374905
2023-07-10,3.6500000000000004,12.7,10.0,684.999527
2023-07-11,3.6500000000000004,12.0,10.0,685.093908
2023-07-12,3.6500000000000004,12.8,10.0,684.652967
2023-07-13,3.6500000000000004,12.6,10.0,684.085448
2023-07-14,4.9,11.9,11.2,684.12822
2023-07-15,0.2,11.0,10.0,684.554735
2023-07-16,5.449999999999999,11.5,10.0,684.651105
2023-07-17,5.449999999999999,12.1,10.0,685.176831
2023-07-18,5.449999999999999,12.3,10.0,685.875694
2023-07-19,5.449999999999999,11.5,10.0,685.9006
2023-07-20,5.449999999999999,11.3,10.0,685.492677
2023-07-21,5.449999999999999,12.7,10.0,684.932923
2023-07-22,5.449999999999999,13.0,10.0,685.172885
2023-07-23,5.449999999999999,12.1,10.0,686.017708
2023-07-24,5.449999999999999,11.3,10.0,686.203946
2023-07-25,5.449999999999999,11.5,10.0,685.658176
2023-07-26,10.7,11.0,12.7,685.169224
2023-07-27,0.2,12.8,10.0,685.345833
2023-07-28,0.2,11.2,10.0,685.780808
2023-07-29,0.2,12.2,10.0,685.981724
2023-07-30,0.2,11.5,10.0,685.706092
2023-07-31,0.2,12.1,10.0,686.144413
2023-08-01,0.2,12.3,10.0,686.552683
2023-08-02,0.2,12.7,10.0,686.292803
2023-08-03,0.2,11.4,10.0,685.92399
2023-08-04,0.2,11.0,10.0,685.603409
2023-08-05,0.2,11.3,10.0,685.584596
2023-08-06,0.2,12.8,10.0,685.928851
2023-08-07,0.2,12.7,10.0,686.600095
2023-08-08,0.15000000000000002,12.2,10.0,686.389931
2023-08-09,0.15000000000000002,12.2,10.0,686.210322
2023-08-10,0.15000000000000002,12.3,10.0,685.714173
2023-08-11,0.1,11.4,10.0,685.185732
2023-08-12,2.65,12.8,10.0,684.897538
2023-08-13,5.2,11.8,11.3,684.766244
2023-08-14,14.0,11.8,10.0,684.630934
2023-08-15,22.8,12.0,15.7,684.439741
2023-08-16,20.6,11.1,10.0,684.704861
2023-08-17,20.6,11.3,10.0,684.710985
2023-08-18,20.6,12.5,10.0,684.140436
2023-08-19,20.6,11.2,10.0,683.789678
2023-08-20,18.4,12.2,14.6,683.796528
2023-08-21,1.1,11.5,10.3,683.583838
2023-08-22,5.4,11.8,11.4,683.693245
2023-08-23,2.9000000000000004,11.6,10.0,684.271875
2023-08-24,2.9000000000000004,11.7,10.0,685.334628
2023-08-25,2.9000000000000004,12.4,10.0,685.74084
2023-08-26,0.4,11.6,10.1,685.010259
2023-08-27,0.25,12.1,10.0,685.013047
2023-08-28,0.25,12.0,10.0,685.834596
2023-08-29,0.25,12.3,10.0,686.183554
2023-08-30,0.25,12.9,10.0,685.879672
2023-08-31,0.25,12.5,10.0,684.874179
2023-09-01,0.25,11.4,10.0,685.324053
2023-09-02,0.25,11.1,10.0,685.170644
2023-09-03,0.25,11.5,10.0,685.208081
2023-09-04,0.25,12.2,10.0,685.030966
2023-09-05,0.25,11.1,10.0,685.388542
2023-09-06,0.25,12.0,10.0,684.941547
2023-09-07,0.25,12.2,10.0,684.472317
2023-09-08,0.25,11.7,10.0,684.368087
2023-09-09,0.25,12.5,10.0,684.851294
2023-09-10,0.25,11.2,10.0,685.176168
2023-09-11,0.25,11.2,10.0,685.220423
2023-09-12,0.1,12.5,10.0,684.9725
2023-09-13,9.4,12.0,10.0,684.910069
2023-09-14,9.4,12.4,10.0,684.764489
2023-09-15,9.4,11.9,10.0,684.698775
2023-09-16,9.4,11.5,10.0,684.945076
2023-09-17,9.4,12.6,10.0,685.237153
2023-09-18,9.4,12.6,10.0,684.833649
2023-09-19,9.4,12.4,10.0,684.442582
2023-09-20,9.4,11.5,10.0,684.527494
2023-09-21,9.4,12.2,10.0,684.226452
2023-09-22,9.4,11.7,10.0,683.837974
2023-09-23,18.7,11.2,14.7,684.308049
2023-09-24,0.3,12.8,10.1,685.052494
2023-09-25,6.5,11.3,11.6,685.682165
2023-09-26,18.6,12.9,14.6,685.592835
2023-09-27,0.8,11.9,10.2,685.098327
2023-09-28,3.4,11.4,10.8,684.289394
2023-09-29,1.8499999999999999,12.1,10.0,684.339489
2023-09-30,0.3,12.7,10.1,684.990593
2023-10-01,0.3,12.5,10.0,685.021086
2023-10-02,0.3,12.6,10.0,684.337027
2023-10-03,0.3,12.3,10.0,684.374653
2023-10-04,0.3,12.4,10.0,684.908018
2023-10-05,0.3,12.7,10.1,685.851168
2023-10-06,0.1,11.5,10.0,686.046843
2023-10-07,0.45,12.0,10.0,685.689962
2023-10-08,0.8,11.4,10.2,685.664552
2023-10-09,2.6,13.0,10.6,685.578283
2023-10-10,13.7,12.9,13.4,685.511616
2023-10-11,15.9,11.1,14.0,685.020328
2023-10-12,23.1,12.4,15.8,684.950979
2023-10-13,24.2,12.9,16.0,685.017298
2023-10-14,16.2,11.4,14.0,685.877525
2023-10-15,1.7,12.1,10.4,685.537184
2023-10-16,0.9,12.8,10.2,685.246364
2023-10-17,0.5,11.1,10.1,684.742645
2023-10-18,2.8,12.4,10.0,684.507702
2023-10-19,2.8,11.6,10.0,684.659817
2023-10-20,2.8,12.8,10.0,685.149905
2023-10-21,5.1,12.9,11.3,685.317835
2023-10-22,13.6,12.9,13.4,685.360227
2023-10-23,9.15,11.9,10.0,685.162279
2023-10-24,4.7,12.7,11.2,685.01815
2023-10-25,6.4,12.7,11.6,684.527462
2023-10-26,44.7,11.6,21.2,684.405145
2023-10-27,18.0,12.7,14.5,684.64839
2023-10-28,6.7,11.1,11.7,684.799716
2023-10-29,0.2,12.2,10.0,684.779861
2023-10-30,1.05,11.5,10.0,684.601515
2023-10-31,1.05,11.2,10.0,684.73226
2023-11-01,1.9,11.2,10.5,684.74233
2023-11-02,1.35,12.4,10.0,684.546528
2023-11-03,1.35,11.7,10.0,683.914236
2023-11-04,1.35,12.4,10.0,683.728946
2023-11-05,0.8,11.1,10.2,683.972285
2023-11-06,1.7,11.6,10.4,684.509785
2023-11-07,1.4,12.1,10.0,684.813725
2023-11-08,1.4,12.6,10.0,684.441509
2023-11-09,1.4,11.6,10.0,683.827936
2023-11-10,1.4,12.3,10.0,683.616162
2023-11-11,1.4,12.8,10.0,683.701042
2023-11-12,1.4,12.2,10.0,683.88387
2023-11-13,1.4,11.5,10.0,684.098453
2023-11-14,1.1,11.0,10.3,683.976515
2023-11-15,20.6,12.7,15.2,684.523516
2023-11-16,10.600000000000001,11.0,10.0,684.685795
2023-11-17,10.600000000000001,12.7,10.0,685.038636
2023-11-18,0.6,12.1,10.2,685.935511
2023-11-19,3.8,12.9,10.0,686.199621
2023-11-20,7.0,12.6,11.8,685.519255
2023-11-21,7.9,13.0,12.0,685.144571
2023-11-22,24.1,11.7,16.0,684.634785
2023-11-23,16.5,12.5,14.1,684.908838
2023-11-24,3.3,11.8,10.8,685.902778
2023-11-25,23.2,12.0,15.8,685.089899
2023-11-26,0.1,12.3,10.0,684.117929
2023-11-27,0.9500000000000001,12.7,10.0,684.143245
2023-11-28,0.9500000000000001,13.0,10.0,684.350063
2023-11-29,0.9500000000000001,12.5,10.0,684.166951
2023-11-30,0.9500000000000001,11.8,10.0,683.990941
2023-12-01,0.9500000000000001,11.8,10.0,684.116376
2023-12-02,0.9500000000000001,12.5,10.0,684.0784215
2023-12-03,0.9500000000000001,11.5,10.0,684.040467
2023-12-04,0.9500000000000001,11.2,10.0,683.89233
2023-12-05,1.8,11.7,10.4,683.957197
2023-12-06,1.05,11.6,10.0,684.197696
2023-12-07,0.3,11.6,10.1,684.370423
2023-12-08,0.35,11.5,10.0,684.01089
2023-12-09,0.35,11.1,10.0,683.806187
2023-12-10,0.35,11.0,10.0,683.48851
2023-12-11,0.35,13.0,10.0,683.168308
2023-12-12,0.35,11.9,10.0,683.469823
2023-12-13,0.35,11.8,10.0,683.251667
2023-12-14,0.4,12.4,10.1,683.046528
2023-12-15,35.8,11.4,19.0,683.619672
2023-12-16,26.0,12.9,16.5,684.732355
2023-12-17,17.6,12.6,14.4,685.041004
2023-12-18,4.1,11.2,11.0,684.378472
2023-12-19,27.0,11.8,16.8,684.510385
2023-12-20,29.1,12.8,10.0,684.344413
2023-12-21,31.2,12.9,17.8,684.513573
2023-12-22,19.9,11.9,15.0,684.609028
2023-12-23,1.2,12.2,10.3,685.260795
2023-12-24,1.85,11.3,10.0,685.265783
2023-12-25,2.5,13.0,10.6,685.896465
2023-12-26,33.1,11.5,18.3,685.833302
2023-12-27,23.0,12.9,15.8,685.820897
2023-12-28,21.4,12.3,15.4,686.123138
2023-12-29,12.5,12.2,13.1,686.673769
2023-12-30,1.5,12.0,10.4,686.951673
2023-12-31,4.8,11.5,11.2,686.705713
2024-01-01,1.4,11.4,10.4,686.133586
2024-01-02,0.1,11.4,10.0,685.497822
2024-01-03,21.1,11.4,15.3,685.430398
2024-01-04,8.8,12.6,12.2,685.999305
2024-01-05,0.2,11.7,10.0,685.461521
2024-01-06,1.0,11.1,10.0,684.58851
2024-01-07,1.0,12.9,10.0,684.278426
2024-01-08,1.0,12.8,10.0,684.199021
2024-01-09,1.0,12.9,10.0,684.876357
2024-01-10,1.0,13.0,10.0,685.411458
2024-01-11,1.0,11.3,10.0,685.468213
2024-01-12,1.8,11.8,10.4,685.55303
2024-01-13,6.4,12.5,11.6,685.488794
2024-01-14,3.25,12.4,10.0,685.381597
2024-01-15,3.25,11.3,10.0,684.647654
2024-01-16,3.25,12.6,10.0,684.086869
2024-01-17,0.1,11.4,10.0,684.927431
2024-01-18,14.0,11.4,10.0,685.196843
2024-01-19,14.0,12.1,10.0,684.865025
2024-01-20,14.0,12.2,10.0,684.655808
2024-01-21,14.0,12.2,10.0,685.199937
2024-01-22,14.0,11.2,10.0,685.345202
2024-01-23,14.0,12.8,10.0,685.278913
2024-01-24,14.0,11.5,10.0,685.119792
2024-01-25,14.0,11.3,10.0,685.07459
2024-01-26,14.0,12.8,10.0,685.586963
2024-01-27,14.0,12.9,10.0,686.073295
2024-01-28,14.0,12.7,10.0,685.863857
2024-01-29,14.0,12.6,10.0,685.648876
2024-01-30,14.0,12.3,10.0,685.41416
2024-01-31,14.0,12.1,10.0,685.519287
2024-02-01,14.0,11.2,10.0,685.724924
2024-02-02,27.9,11.8,17.0,685.913068
2024-02-03,34.9,11.7,18.7,685.175631
2024-02-04,8.1,11.5,12.0,684.53791
2024-02-05,28.3,12.4,17.1,685.063415
2024-02-06,16.7,12.0,10.0,685.392645
2024-02-07,5.1,11.2,11.3,685.895297
2024-02-08,3.5999999999999996,11.4,10.0,685.35875
2024-02-09,2.1,12.4,10.5,685.160385
2024-02-10,3.55,11.2,10.85,685.149937
2024-02-11,3.55,12.7,10.85,685.087342
2024-02-12,5.0,12.0,11.2,685.144097
2024-02-13,0.1,12.0,10.0,685.303062
2024-02-14,0.65,12.2,10.0,685.294066
2024-02-15,0.65,12.6,10.0,685.462689
2024-02-16,0.65,11.7,10.0,684.997083
2024-02-17,0.65,12.4,10.0,685.159918
2024-02-18,0.65,12.1,10.0,685.683965
2024-02-19,1.2,11.5,10.3,686.664571
2024-02-20,21.9,12.8,15.5,687.218182
2024-02-21,11.049999999999999,12.6,12.75,686.86197
2024-02-22,0.2,12.3,10.0,685.324026
2024-02-23,0.5,12.7,10.0,684.868403
2024-02-24,0.8,12.7,10.2,685.51714
2024-02-25,54.5,12.4,23.6,686.195356
2024-02-26,21.8,12.7,15.4,686.111932
2024-02-27,2.0,12.4,10.5,685.031054
2024-02-28,1.8,12.4,10.0,684.72815
2024-02-29,1.8,12.2,10.0,685.346938
2024-03-01,1.6,12.5,10.4,685.90625
2024-03-02,21.0,11.3,15.2,686.163068
2024-03-03,23.4,12.8,15.8,685.726042
2024-03-04,1.9,12.7,10.5,685.169665
2024-03-05,1.0999999999999999,11.1,10.0,684.590972
2024-03-06,1.0999999999999999,12.7,10.0,684.489583
2024-03-07,1.0999999999999999,11.3,10.0,685.170202
2024-03-08,1.0999999999999999,11.7,10.0,685.642014
2024-03-09,1.0999999999999999,12.5,10.0,685.71471
2024-03-10,1.0999999999999999,11.3,10.0,685.658681
2024-03-11,1.0999999999999999,12.6,10.0,685.690593
2024-03-12,1.0999999999999999,12.7,10.0,685.648958
2024-03-13,1.0999999999999999,12.0,10.0,685.017014
2024-03-14,1.0999999999999999,11.0,10.0,684.94959
2024-03-15,1.0999999999999999,11.6,10.0,684.852241
2024-03-16,1.0999999999999999,12.2,10.0,684.621528
2024-03-17,1.0999999999999999,13.0,10.0,684.449306
2024-03-18,1.0999999999999999,12.3,10.0,684.955145
2024-03-19,0.3,11.5,10.1,685.717046
2024-03-20,1.9,12.3,10.0,685.939078
2024-03-21,3.5,12.1,10.9,685.747128
2024-03-22,0.6,12.6,10.2,685.883365
2024-03-23,0.7,11.2,10.2,686.044665
2024-03-24,3.2,12.5,10.8,685.547664
2024-03-25,21.9,12.1,15.5,685.648289
2024-03-26,3.8,12.9,11.0,686.017951
2024-03-27,5.4,11.7,11.4,686.431812
2024-03-28,19.0,12.3,10.0,686.401635
2024-03-29,32.6,12.9,18.2,685.858333
2024-03-30,25.1,11.2,16.3,685.461237
2024-03-31,25.7,12.9,16.4,685.709596
2024-04-01,26.6,12.4,16.6,686.232986
2024-04-02,54.7,11.1,23.7,685.811471
2024-04-03,1.7,11.6,10.4,685.273422
2024-04-04,0.5,12.4,10.1,685.341162
2024-04-05,0.3,11.1,10.0,685.946654
2024-04-06,0.3,12.2,10.0,685.874495
2024-04-07,0.3,11.7,10.0,684.780587
2024-04-08,0.1,12.2,10.0,685.044407
2024-04-09,2.3499999999999996,11.1,10.0,684.905461
2024-04-10,2.3499999999999996,12.7,10.0,684.969735
2024-04-11,2.3499999999999996,12.9,10.0,685.54738
2024-04-12,2.3499999999999996,12.9,10.0,685.543592
2024-04-13,2.3499999999999996,12.5,10.0,685.35565
2024-04-14,4.6,11.3,11.2,684.570549
2024-04-15,2.65,12.5,10.0,684.311805
2024-04-16,2.65,11.0,10.0,684.913194
2024-04-17,2.65,11.0,10.0,685.531061
2024-04-18,0.7,11.6,10.2,685.459722
2024-04-19,34.2,12.0,18.6,686.314931
2024-04-20,4.9,12.5,11.2,685.995486
2024-04-21,29.7,12.4,17.4,685.849653
2024-04-22,16.5,11.9,14.1,685.91149
2024-04-23,7.6,11.5,11.9,685.744508
2024-04-24,21.2,13.0,15.3,685.634975
2024-04-25,3.7,11.9,10.9,685.15846
2024-04-26,1.3,11.9,10.3,684.922696
2024-04-27,8.8,11.3,12.2,685.042582
2024-04-28,21.5,12.6,15.4,685.031534
2024-04-29,22.0,12.4,15.5,685.408302
2024-04-30,11.05,11.4,10.0,685.049905
2024-05-01,11.05,11.2,10.0,684.411963
2024-05-02,11.05,12.4,10.0,683.849653
2024-05-03,0.1,12.3,10.0,684.412153
2024-05-04,6.35,11.5,10.0,684.855556
2024-05-05,12.6,12.9,13.2,685.610164
2024-05-06,8.95,11.3,10.0,684.919413
2024-05-07,8.95,11.9,10.0,684.54697
2024-05-08,5.3,12.9,11.3,685.321528
2024-05-09,6.0,11.8,10.0,685.831944
2024-05-10,6.0,12.3,10.0,685.499653
2024-05-11,6.7,11.8,11.7,685.507702
2024-05-12,1.8,11.5,10.4,685.453864
2024-05-13,1.05,13.0,10.0,685.137847
2024-05-14,0.3,11.8,10.1,685.222917
2024-05-15,19.9,12.8,15.0,685.646465
2024-05-16,28.0,11.5,17.0,685.584028
2024-05-17,14.1,11.4,10.0,685.836206
2024-05-18,14.1,11.1,10.0,686.065436
2024-05-19,14.1,12.3,10.0,685.4869
2024-05-20,0.2,11.7,10.0,684.670865
2024-05-21,5.8,12.7,10.0,684.951831
2024-05-22,11.4,11.9,12.8,685.909375
2024-05-23,1.9,12.9,10.5,686.624874
2024-05-24,11.799999999999999,11.4,10.0,686.21875
2024-05-25,11.799999999999999,12.7,10.0,686.246181
2024-05-26,11.799999999999999,12.6,10.0,686.056818
2024-05-27,21.7,12.5,15.4,685.8875
2024-05-28,3.2,12.7,10.8,686.418434
2024-05-29,8.1,12.5,12.0,686.315909
2024-05-30,0.1,12.3,10.0,685.914173
2024-05-31,0.1,11.3,10.0,685.586648
2024-06-01,0.1,11.1,10.0,685.351389
2024-06-02,0.1,12.8,10.0,685.933207
2024-06-03,0.1,12.2,10.0,685.864236
2024-06-04,0.1,12.6,10.0,685.622222
2024-06-05,0.1,12.0,10.0,685.357523
2024-06-06,2.6,11.2,10.6,685.419444
2024-06-07,6.3,11.3,10.0,685.947633
2024-06-08,6.3,12.4,10.0,686.966635
2024-06-09,6.3,11.9,10.0,686.092708
2024-06-10,6.3,11.4,10.0,685.236174
2024-06-11,6.3,12.0,10.0,685.306945
2024-06-12,6.3,11.1,10.0,685.596875
2024-06-13,6.3,12.2,10.0,685.749306
2024-06-14,10.0,11.5,12.5,685.635764
2024-06-15,5.3,12.6,11.3,685.819097
2024-06-16,10.7,11.6,12.7,685.695518
2024-06-17,11.95,11.9,10.0,684.950694
2024-06-18,13.2,11.0,13.3,684.571875
2024-06-19,2.8,11.1,10.7,684.555208
2024-06-20,5.9,11.8,11.5,684.585764
2024-06-21,6.5,12.0,11.6,685.343056
2024-06-22,11.5,12.2,12.9,685.366667
2024-06-23,6.15,11.6,10.0,685.46875
2024-06-24,6.15,12.4,10.0,685.270833
2024-06-25,0.8,12.7,10.2,686.056597
2024-06-26,12.3,12.6,13.1,685.758018
2024-06-27,6.25,11.1,10.0,685.569792
2024-06-28,6.25,12.0,10.0,685.652431
2024-06-29,6.25,11.2,10.0,685.634028
2024-06-30,0.2,11.5,10.0,685.347222
2024-07-01,1.6,13.0,10.0,684.530019
2024-07-02,3.0,11.3,10.8,684.874306
2024-07-03,0.3,12.0,10.1,684.585069
2024-07-04,4.7,12.2,11.2,684.556597
2024-07-05,3.5,12.4,10.9,685.256597
2024-07-06,4.4,12.1,11.1,685.0662090000001
2024-07-07,2.4000000000000004,11.0,10.0,685.0662090000001
2024-07-08,2.4000000000000004,11.7,10.0,684.875821
2024-07-09,2.4000000000000004,12.0,10.0,684.469981
2024-07-10,2.4000000000000004,11.2,10.0,684.040278
2024-07-11,2.4000000000000004,11.7,10.0,685.075
2024-07-12,0.4,11.1,10.1,685.811111
2024-07-13,0.3,11.2,10.1,686.307954
2024-07-14,0.25,11.8,10.0,685.319792
2024-07-15,0.25,11.3,10.0,685.385417
2024-07-16,0.25,12.1,10.0,685.366667
2024-07-17,0.25,12.4,10.0,686.209028
2024-07-18,0.25,12.6,10.0,686.08447
2024-07-19,0.25,11.4,10.0,686.177336
2024-07-20,0.25,11.3,10.0,685.546465
2024-07-21,0.25,11.2,10.0,684.682292
2024-07-22,0.25,12.3,10.0,684.761016
2024-07-23,0.25,12.4,10.0,685.860713
2024-07-24,0.25,11.1,10.0,686.666982
2024-07-25,0.25,12.9,10.0,686.28952
2024-07-26,0.25,11.1,10.0,685.447664
2024-07-27,0.25,12.1,10.0,685.203504
2024-07-28,0.25,12.4,10.0,685.7125
2024-07-29,0.25,12.7,10.0,685.856471
2024-07-30,0.25,12.4,10.0,685.392797
2024-07-31,0.25,12.6,10.0,685.360511
2024-08-01,0.25,11.7,10.0,686.019444
2024-08-02,0.25,12.6,10.0,685.729167
2024-08-03,0.25,11.2,10.0,685.258176
2024-08-04,0.25,12.8,10.0,685.28185
2024-08-05,0.2,12.1,10.0,685.701957
2024-08-06,4.3,12.6,10.0,685.449811
2024-08-07,8.4,11.9,12.1,684.634407
2024-08-08,6.35,12.3,10.0,684.343939
2024-08-09,4.3,12.1,11.1,685.434722
2024-08-10,2.3,12.5,10.0,685.957197
2024-08-11,2.3,11.2,10.0,685.671528
2024-08-12,2.3,11.1,10.0,685.307986
2024-08-13,2.3,11.5,10.0,685.014931
2024-08-14,2.3,11.3,10.0,685.368939
2024-08-15,2.3,12.7,10.0,685.53125
2024-08-16,2.3,11.4,10.0,685.749874
2024-08-17,2.3,13.0,10.0,685.978725
2024-08-18,2.3,11.7,10.0,685.112216
2024-08-19,2.3,11.4,10.0,685.274968
2024-08-20,2.3,12.6,10.0,685.425694
2024-08-21,2.3,12.3,10.0,685.686458
2024-08-22,2.3,12.0,10.0,685.194792
2024-08-23,0.3,12.1,10.1,685.41632
2024-08-24,0.3,12.4,10.1,685.729514
2024-08-25,3.55,11.5,10.0,686.379861
2024-08-26,3.55,13.0,10.0,686.40591
2024-08-27,3.55,12.9,10.0,686.181219
2024-08-28,3.55,12.3,10.0,685.768403
2024-08-29,3.55,11.4,10.0,685.822917
2024-08-30,3.55,12.4,10.0,685.735764
2024-08-31,3.55,11.1,10.0,685.633049
2024-09-01,3.55,11.1,10.0,685.593056
2024-09-02,3.55,11.5,10.0,685.232292
2024-09-03,3.55,11.9,10.0,684.724779
2024-09-04,3.55,12.7,10.0,684.755208
2024-09-05,3.55,12.5,10.0,684.860417
2024-09-06,3.55,12.5,10.0,684.197569
2024-09-07,3.55,11.9,10.0,683.925347
2024-09-08,3.55,11.7,10.0,684.260069
2024-09-09,3.55,11.7,10.0,684.939262
2024-09-10,3.55,13.0,10.0,684.526042
2024-09-11,3.55,11.1,10.0,684.319924
2024-09-12,3.55,12.7,10.0,684.701736
2024-09-13,3.55,12.2,10.0,684.966319
2024-09-14,3.55,11.9,10.0,685.014236
2024-09-15,3.55,12.5,10.0,684.854167
2024-09-16,3.55,12.0,10.0,684.898958
2024-09-17,3.55,12.7,10.0,684.600379
2024-09-18,3.55,12.8,10.0,684.044792
2024-09-19,3.55,11.8,10.0,683.842708
2024-09-20,3.55,11.6,10.0,683.6
2024-09-21,3.55,12.2,10.0,684.324653
2024-09-22,3.55,12.8,10.0,684.790278
2024-09-23,3.55,11.4,10.0,685.09132
2024-09-24,3.55,12.2,10.0,684.958744
2024-09-25,3.55,12.3,10.0,685.091698
2024-09-26,3.55,12.5,10.0,685.130556
2024-09-27,6.8,11.3,11.7,685.189236
2024-09-28,11.2,12.4,12.8,685.610069
2024-09-29,12.8,12.8,13.2,685.149274
2024-09-30,6.3,11.4,11.6,685.119045
2024-10-01,3.2,11.5,10.8,685.066222
2024-10-02,6.1,12.9,11.5,684.887976
2024-10-03,0.7,11.4,10.2,685.198611
2024-10-04,1.7,12.7,10.4,685.774306
2024-10-05,7.0,12.0,11.8,685.826799
2024-10-06,14.3,11.5,13.6,685.625
2024-10-07,9.6,12.7,12.4,684.841319
2024-10-08,15.9,11.9,14.0,684.903472
2024-10-09,18.8,12.0,14.7,685.443403
2024-10-10,7.4,11.7,11.8,685.814804
2024-10-11,4.6000000000000005,12.2,10.0,685.310667
2024-10-12,4.6000000000000005,11.3,10.0,685.428417
2024-10-13,4.6000000000000005,11.8,10.0,686.237448
2024-10-14,4.6000000000000005,12.9,10.0,686.563542
2024-10-15,4.6000000000000005,11.5,10.0,686.185859
2024-10-16,4.6000000000000005,12.3,10.0,685.369368
2024-10-17,4.6000000000000005,11.7,10.0,684.670177
2024-10-18,4.6000000000000005,12.5,10.0,684.672285
2024-10-19,4.6000000000000005,11.3,10.0,684.244634
2024-10-20,4.6000000000000005,12.9,10.0,684.380208
2024-10-21,4.6000000000000005,11.9,10.0,684.610924
2024-10-22,4.6000000000000005,11.5,10.0,684.853472
2024-10-23,4.6000000000000005,11.1,10.0,684.895549
2024-10-24,1.8,11.3,10.4,684.14599
2024-10-25,1.25,12.0,10.0,684.389394
2024-10-26,1.25,11.7,10.0,684.726389
2024-10-27,1.25,12.7,10.0,684.263889
2024-10-28,1.25,11.9,10.0,684.468024
2024-10-29,0.7,11.5,10.2,684.461806
2024-10-30,5.2,12.2,11.3,684.560417
2024-10-31,11.1,12.4,12.8,684.375
2024-11-01,6.1,11.3,11.5,684.186553
2024-11-02,1.2,11.3,10.3,684.452778
2024-11-03,0.75,11.1,10.0,684.734375
2024-11-04,0.75,12.5,10.0,684.849045
2024-11-05,0.75,12.3,10.0,684.730559
2024-11-06,0.75,11.9,10.0,684.401736
2024-11-07,0.75,12.7,10.0,684.309564
2024-11-08,0.75,12.6,10.0,684.288321
2024-11-09,0.75,12.2,10.0,684.494792
2024-11-10,0.75,12.7,10.0,684.846528
2024-11-11,0.75,11.4,10.0,684.773264
2024-11-12,0.75,11.2,10.0,684.495139
2024-11-13,0.75,11.5,10.0,684.332639
2024-11-14,0.75,11.1,10.0,683.941319
2024-11-15,0.75,12.1,10.0,683.519792
2024-11-16,0.75,12.9,10.0,683.683681
2024-11-17,0.75,11.1,10.0,683.898958
2024-11-18,0.3,11.2,10.1,684.014015
2024-11-19,1.2,11.9,10.3,684.411806
2024-11-20,0.2,12.9,10.0,684.779514
2024-11-21,3.2,11.6,10.8,684.966667
2024-11-22,2.35,12.0,10.0,684.885575
2024-11-23,2.35,11.1,10.0,684.570833
2024-11-24,2.35,11.3,10.0,684.712847
2024-11-25,2.35,13.0,10.0,685.270833
2024-11-26,2.35,12.9,10.0,684.960417
2024-11-27,1.5,11.0,10.4,684.077083
2024-11-28,0.6,12.9,10.2,683.918403
2024-11-29,0.7,12.3,10.0,684.391667
2024-11-30,0.7,12.7,10.0,684.404167
2024-12-01,0.7,11.9,10.0,684.306787
2024-12-02,0.8,12.0,10.2,684.464236
2024-12-03,4.4,12.0,11.1,684.59375
2024-12-04,30.5,12.3,17.6,684.440278
2024-12-05,11.3,11.3,12.8,684.165625
2024-12-06,12.8,11.1,13.2,684.082986
2024-12-07,17.1,11.6,14.3,683.928472
2024-12-08,7.0,12.4,11.8,683.838542
2024-12-09,3.7,11.4,10.0,683.289236
2024-12-10,3.7,12.3,10.0,683.090215
2024-12-11,3.7,12.9,10.0,684.115625
2024-12-12,0.4,11.2,10.1,684.151042
2024-12-13,64.7,12.3,26.2,683.871118
2024-12-14,10.1,11.9,12.5,683.805208
2024-12-15,8.5,12.7,12.1,683.606881
2024-12-16,10.75,11.4,10.0,683.896023
2024-12-17,10.75,12.4,10.0,684.361111
2024-12-18,10.75,12.7,10.0,684.731092
2024-12-19,10.75,12.9,10.0,684.906597
2024-12-20,10.75,12.4,10.0,684.850032
2024-12-21,10.75,12.0,10.0,684.865783
2024-12-22,13.0,12.2,13.2,685.276263
2024-12-23,9.15,12.7,12.25,685.581597
2024-12-24,9.15,12.1,12.25,685.071181
2024-12-25,9.15,11.1,12.25,684.136048
2024-12-26,9.15,12.9,12.25,684.300821
2024-12-27,9.15,12.4,12.25,684.646181
2024-12-28,5.3,12.4,11.3,684.964931
2024-12-29,15.5,11.4,13.9,685.121843
2024-12-30,23.7,12.3,15.9,684.30101
2024-12-31,6.9,11.8,11.7,683.776231
